Data,Otwarcie,Max,Min,Zamknięcie,Wolumen,Obrót
10.10.2024,7.80,7.80,7.80,7.80,92,718
09.10.2024,7.80,7.80,7.70,7.80,733,5 715
08.10.2024,8.00,8.00,7.80,7.80,780,6 113
07.10.2024,8.00,8.00,7.80,8.00,1 444,11 438
04.10.2024,8.60,8.60,7.80,8.00,2 052,17 156
03.10.2024,8.80,8.80,8.78,8.80,299,2 629
02.10.2024,8.80,8.80,8.78,8.78,568,4 998
01.10.2024,9.00,9.00,9.00,9.00,160,1 440
30.09.2024,9.00,9.00,9.00,9.00,122,1 098
27.09.2024,9.06,9.12,8.62,9.10,1 892,17 067
26.09.2024,9.16,9.16,9.04,9.04,1 061,9 717
25.09.2024,9.20,9.20,9.04,9.16,367,3 361
24.09.2024,9.20,9.20,9.16,9.20,2 362,21 638
23.09.2024,9.16,9.16,9.16,9.16,2 386,21 856
20.09.2024,9.20,9.20,9.16,9.16,456,4 180
19.09.2024,9.20,9.20,9.16,9.20,1 326,12 198
18.09.2024,9.22,9.24,9.20,9.24,262,2 411
17.09.2024,9.20,9.50,9.16,9.20,1 833,16 835
16.09.2024,9.40,9.40,9.18,9.18,1 766,16 255
13.09.2024,9.40,9.70,9.30,9.30,59,555
12.09.2024,9.88,9.88,9.30,9.40,2 742,25 821
11.09.2024,9.50,9.50,9.34,9.34,654,6 157
10.09.2024,9.40,9.58,9.40,9.58,34,323
09.09.2024,9.20,9.30,9.20,9.30,288,2 654
06.09.2024,9.16,9.50,9.16,9.16,50,467
05.09.2024,9.80,10.00,9.00,9.12,3 270,30 955
04.09.2024,10.00,10.00,9.44,9.70,2 232,21 460
03.09.2024,10.00,10.00,9.90,10.00,1 789,17 889
02.09.2024,10.30,10.30,10.00,10.00,1 785,18 102
30.08.2024,10.50,10.60,10.00,10.20,3 878,39 308
29.08.2024,10.50,10.50,10.50,10.50,447,4 694
28.08.2024,10.70,10.70,10.20,10.20,1 054,11 026
27.08.2024,10.65,10.65,10.50,10.60,278,2 946
26.08.2024,10.75,10.75,10.40,10.70,455,4 823
23.08.2024,11.10,11.10,11.00,11.00,605,6 695
22.08.2024,10.95,11.20,10.95,11.20,51,562
21.08.2024,10.95,11.00,10.95,10.95,72,790
20.08.2024,10.90,11.00,10.40,10.80,1 788,19 075
19.08.2024,11.00,11.30,10.50,10.90,966,10 559
16.08.2024,11.00,11.50,10.50,11.00,351,3 914
14.08.2024,11.00,11.00,10.50,10.90,718,7 867
13.08.2024,11.00,11.00,10.60,10.90,578,6 320
12.08.2024,11.00,11.00,11.00,11.00,660,7 260
09.08.2024,11.00,11.00,10.65,10.85,313,3 442
08.08.2024,10.95,11.00,10.95,11.00,257,2 826
07.08.2024,9.94,10.90,9.94,10.90,233,2 453
06.08.2024,10.00,10.20,9.60,9.90,3 826,37 718
05.08.2024,10.75,10.75,9.92,10.00,3 184,32 686
02.08.2024,10.95,11.30,10.20,10.60,808,8 719
01.08.2024,11.20,11.50,11.00,11.00,465,5 174
10.10.2024,7.80,7.80,7.80,7.80,92,718
09.10.2024,7.80,7.80,7.70,7.80,733,5 715
08.10.2024,8.00,8.00,7.80,7.80,780,6 113
07.10.2024,8.00,8.00,7.80,8.00,1 444,11 438
04.10.2024,8.60,8.60,7.80,8.00,2 052,17 156
03.10.2024,8.80,8.80,8.78,8.80,299,2 629
02.10.2024,8.80,8.80,8.78,8.78,568,4 998
01.10.2024,9.00,9.00,9.00,9.00,160,1 440
30.09.2024,9.00,9.00,9.00,9.00,122,1 098
27.09.2024,9.06,9.12,8.62,9.10,1 892,17 067
26.09.2024,9.16,9.16,9.04,9.04,1 061,9 717
25.09.2024,9.20,9.20,9.04,9.16,367,3 361
24.09.2024,9.20,9.20,9.16,9.20,2 362,21 638
23.09.2024,9.16,9.16,9.16,9.16,2 386,21 856
20.09.2024,9.20,9.20,9.16,9.16,456,4 180
19.09.2024,9.20,9.20,9.16,9.20,1 326,12 198
18.09.2024,9.22,9.24,9.20,9.24,262,2 411
17.09.2024,9.20,9.50,9.16,9.20,1 833,16 835
16.09.2024,9.40,9.40,9.18,9.18,1 766,16 255
13.09.2024,9.40,9.70,9.30,9.30,59,555
12.09.2024,9.88,9.88,9.30,9.40,2 742,25 821
11.09.2024,9.50,9.50,9.34,9.34,654,6 157
10.09.2024,9.40,9.58,9.40,9.58,34,323
09.09.2024,9.20,9.30,9.20,9.30,288,2 654
06.09.2024,9.16,9.50,9.16,9.16,50,467
05.09.2024,9.80,10.00,9.00,9.12,3 270,30 955
04.09.2024,10.00,10.00,9.44,9.70,2 232,21 460
03.09.2024,10.00,10.00,9.90,10.00,1 789,17 889
02.09.2024,10.30,10.30,10.00,10.00,1 785,18 102
30.08.2024,10.50,10.60,10.00,10.20,3 878,39 308
29.08.2024,10.50,10.50,10.50,10.50,447,4 694
28.08.2024,10.70,10.70,10.20,10.20,1 054,11 026
27.08.2024,10.65,10.65,10.50,10.60,278,2 946
26.08.2024,10.75,10.75,10.40,10.70,455,4 823
23.08.2024,11.10,11.10,11.00,11.00,605,6 695
22.08.2024,10.95,11.20,10.95,11.20,51,562
21.08.2024,10.95,11.00,10.95,10.95,72,790
20.08.2024,10.90,11.00,10.40,10.80,1 788,19 075
19.08.2024,11.00,11.30,10.50,10.90,966,10 559
16.08.2024,11.00,11.50,10.50,11.00,351,3 914
14.08.2024,11.00,11.00,10.50,10.90,718,7 867
13.08.2024,11.00,11.00,10.60,10.90,578,6 320
12.08.2024,11.00,11.00,11.00,11.00,660,7 260
09.08.2024,11.00,11.00,10.65,10.85,313,3 442
08.08.2024,10.95,11.00,10.95,11.00,257,2 826
07.08.2024,9.94,10.90,9.94,10.90,233,2 453
06.08.2024,10.00,10.20,9.60,9.90,3 826,37 718
05.08.2024,10.75,10.75,9.92,10.00,3 184,32 686
02.08.2024,10.95,11.30,10.20,10.60,808,8 719
01.08.2024,11.20,11.50,11.00,11.00,465,5 174
30.07.2024,11.50,11.55,11.30,11.30,1 741,19 893
29.07.2024,11.90,11.90,11.50,11.50,1 499,17 415
26.07.2024,11.80,12.00,11.80,11.90,285,3 376
25.07.2024,12.00,12.00,11.85,11.85,638,7 644
24.07.2024,12.00,12.00,11.85,11.90,2 165,25 796
23.07.2024,12.00,12.35,11.80,11.85,1 669,20 062
22.07.2024,12.80,12.80,12.00,12.00,1 379,16 700
19.07.2024,12.70,12.80,12.30,12.80,598,7 508
18.07.2024,12.75,12.75,12.50,12.70,397,5 008
17.07.2024,12.40,12.75,12.40,12.75,335,4 260
16.07.2024,12.75,12.75,12.75,12.75,765,9 754
15.07.2024,12.75,12.75,12.75,12.75,100,1 275
12.07.2024,12.75,12.75,12.75,12.75,1 509,19 240
11.07.2024,12.75,12.75,12.75,12.75,867,11 054
10.07.2024,12.40,12.75,12.40,12.50,1 239,15 698
09.07.2024,12.50,12.50,12.35,12.35,361,4 497
08.07.2024,12.40,12.85,12.35,12.50,2 862,36 616
05.07.2024,12.35,12.40,12.35,12.40,4,50
04.07.2024,12.40,12.65,12.35,12.35,296,3 699
03.07.2024,12.00,12.65,12.00,12.40,1 022,12 565
02.07.2024,13.00,13.00,12.35,12.70,1 825,23 005
01.07.2024,13.00,13.00,13.00,13.00,241,3 133
28.06.2024,13.00,13.00,12.80,12.80,1 658,21 537
27.06.2024,13.00,13.00,12.50,13.00,981,12 605
26.06.2024,12.90,13.00,12.90,13.00,2 877,37 381
25.06.2024,13.70,13.70,12.50,12.90,1 704,22 372
24.06.2024,13.50,13.70,13.50,13.70,148,2 012
21.06.2024,13.80,13.80,13.50,13.50,1 347,18 309
20.06.2024,13.80,13.80,13.80,13.80,483,6 665
19.06.2024,14.00,14.00,13.80,13.80,1 627,22 455
18.06.2024,14.50,14.50,13.60,14.00,972,13 816
17.06.2024,14.50,14.50,13.50,14.45,1 771,25 204
14.06.2024,14.50,14.80,14.50,14.50,589,8 577
13.06.2024,14.60,14.60,14.40,14.50,4 777,69 256
12.06.2024,14.80,14.80,14.50,14.60,1 509,21 990
11.06.2024,15.00,15.00,14.80,14.80,1 666,24 789
10.06.2024,15.85,15.85,14.90,15.00,2 122,31 974
07.06.2024,16.50,16.65,15.60,15.60,1 473,23 790
06.06.2024,16.90,16.90,16.40,16.80,204,3 399
05.06.2024,17.20,17.20,16.85,17.00,573,9 738
04.06.2024,18.00,18.05,17.05,17.20,1 576,28 116
03.06.2024,17.25,17.60,17.25,17.60,13,228
31.05.2024,17.55,17.55,17.20,17.20,565,9 882
29.05.2024,17.80,18.00,17.50,17.60,591,10 420
28.05.2024,17.60,17.95,17.50,17.95,20,355
27.05.2024,18.20,18.45,17.70,17.70,1 606,29 227
24.05.2024,18.30,18.30,18.10,18.20,38,691
23.05.2024,18.50,18.50,18.50,18.50,52,962
22.05.2024,18.50,18.50,17.70,18.40,203,3 647
21.05.2024,18.50,18.50,17.00,18.40,1 407,24 790
20.05.2024,18.00,18.70,17.60,18.50,1 017,18 542
17.05.2024,16.50,19.20,16.50,17.60,4 099,73 682
16.05.2024,15.00,16.50,15.00,16.45,1 248,19 567
15.05.2024,16.00,16.00,14.60,14.90,1 061,15 963
14.05.2024,16.30,16.30,16.00,16.00,224,3 605
13.05.2024,16.00,16.70,16.00,16.30,147,2 374
10.05.2024,16.15,16.20,15.60,16.00,1 406,22 425
09.05.2024,16.70,16.70,16.70,16.70,70,1 169
08.05.2024,16.60,17.00,15.50,16.70,1 102,17 874
07.05.2024,17.00,17.00,16.25,16.60,1 165,19 284
06.05.2024,17.70,17.70,16.90,17.00,840,14 290
02.05.2024,18.00,18.00,17.00,17.55,531,9 150
30.04.2024,17.70,18.00,17.60,18.00,64,1 141
29.04.2024,17.40,17.85,17.40,17.70,217,3 836
26.04.2024,17.20,17.75,17.20,17.75,129,2 230
25.04.2024,17.30,17.35,17.20,17.20,348,6 024
24.04.2024,17.85,17.85,17.30,17.80,31,538
23.04.2024,17.85,17.85,17.85,17.85,13,232
22.04.2024,17.60,17.85,17.55,17.85,60,1 057
19.04.2024,17.65,17.65,17.65,17.65,10,177
18.04.2024,17.75,17.75,17.75,17.75,9,160
17.04.2024,17.50,17.50,17.50,17.50,1 830,32 025
16.04.2024,17.70,17.70,17.50,17.50,229,4 036
15.04.2024,18.20,18.20,17.75,17.75,419,7 618
12.04.2024,18.20,18.20,18.20,18.20,158,2 876
11.04.2024,18.00,18.20,18.00,18.20,566,10 235
10.04.2024,17.60,17.90,17.40,17.85,659,11 598
09.04.2024,18.10,18.10,17.50,17.60,291,5 125
08.04.2024,18.35,18.35,17.50,17.80,166,2 929
05.04.2024,17.30,18.30,17.30,18.30,730,12 958
04.04.2024,17.55,17.55,17.05,17.15,990,17 026
03.04.2024,17.95,17.95,17.00,17.30,1 740,29 941
02.04.2024,19.30,19.30,17.45,17.95,5 769,105 967
28.03.2024,19.80,19.80,19.40,19.50,187,3 647
27.03.2024,19.25,19.80,19.20,19.80,154,2 964
26.03.2024,19.30,19.55,19.30,19.55,32,619
25.03.2024,19.30,19.65,19.30,19.65,577,11 178
22.03.2024,20.10,20.10,20.10,20.10,2,40
21.03.2024,20.30,20.30,20.20,20.20,11,223
20.03.2024,20.30,20.30,20.30,20.30,23,467
19.03.2024,19.40,19.40,19.20,19.20,250,4 815
18.03.2024,19.30,20.00,19.30,20.00,303,6 022
15.03.2024,20.50,20.50,19.50,19.50,281,5 513
14.03.2024,20.30,20.30,20.00,20.00,96,1 922
13.03.2024,20.50,20.50,20.50,20.50,460,9 430
12.03.2024,20.30,20.30,19.80,20.20,164,3 250
11.03.2024,19.90,20.00,19.80,20.00,431,8 589
08.03.2024,19.80,20.60,19.80,19.90,43,870
07.03.2024,20.30,20.80,19.80,19.80,442,8 845
06.03.2024,20.40,20.40,20.30,20.30,107,2 173
05.03.2024,20.60,20.80,20.50,20.50,271,5 615
04.03.2024,20.80,20.80,20.50,20.60,265,5 459
01.03.2024,21.00,21.00,20.80,20.80,198,4 121
29.02.2024,20.30,20.30,20.30,20.30,180,3 654
28.02.2024,20.00,20.50,20.00,20.00,115,2 303
27.02.2024,20.00,20.40,20.00,20.40,72,1 459
26.02.2024,21.50,23.50,19.60,20.00,6 120,128 167
23.02.2024,19.60,19.60,19.50,19.55,162,3 170
22.02.2024,19.90,20.00,19.60,20.00,400,7 996
21.02.2024,19.60,19.90,19.40,19.90,401,7 818
20.02.2024,19.60,20.00,19.60,19.60,112,2 221
19.02.2024,19.40,19.50,19.40,19.50,3,58
16.02.2024,19.80,19.80,19.30,19.40,135,2 633
15.02.2024,19.40,19.80,19.40,19.80,35,691
14.02.2024,19.60,19.60,19.20,19.30,427,8 222
13.02.2024,20.00,20.00,19.50,19.60,589,11 741
12.02.2024,19.80,19.80,19.60,19.80,318,6 254
09.02.2024,20.00,20.00,19.80,19.80,307,6 120
08.02.2024,20.20,20.20,20.20,20.20,10,202
07.02.2024,20.00,20.00,19.65,19.80,224,4 450
06.02.2024,19.80,20.00,19.60,20.00,682,13 589
05.02.2024,20.00,20.40,19.80,19.80,954,19 126
02.02.2024,21.30,21.30,19.20,19.80,5 045,101 710
01.02.2024,21.90,21.90,21.30,21.30,176,3 779
31.01.2024,22.70,22.80,21.00,22.00,878,19 147
30.01.2024,22.60,22.60,22.00,22.60,894,19 769
29.01.2024,22.60,22.60,22.40,22.60,819,18 453
26.01.2024,21.30,22.20,21.00,22.20,1 421,30 941
25.01.2024,21.20,21.20,21.00,21.20,635,13 442
24.01.2024,21.80,21.80,20.50,21.00,892,18 853
23.01.2024,21.80,21.90,21.40,21.40,251,5 450
22.01.2024,21.80,21.80,21.60,21.60,205,4 465
19.01.2024,21.90,21.90,21.70,21.70,814,17 747
18.01.2024,21.50,21.90,21.40,21.80,558,12 121
17.01.2024,21.00,21.90,21.00,21.50,1 465,31 721
16.01.2024,21.00,21.00,20.80,21.00,174,3 645
15.01.2024,21.00,21.00,20.30,20.90,430,8 864
12.01.2024,21.30,21.30,20.80,21.00,117,2 446
11.01.2024,21.10,21.20,20.90,20.90,599,12 604
10.01.2024,21.90,21.90,21.10,21.10,677,14 657
09.01.2024,21.70,21.90,21.70,21.90,613,13 377
08.01.2024,21.10,21.70,21.00,21.70,289,6 104
05.01.2024,21.70,21.90,21.10,21.10,1 167,24 928
04.01.2024,21.50,22.00,21.40,21.50,1 907,41 270
03.01.2024,21.50,23.20,21.20,21.50,9 308,209 722
02.01.2024,19.80,21.60,19.75,21.10,3 182,65 274
29.12.2023,18.40,19.85,18.40,19.45,3 390,65 598
28.12.2023,17.00,18.40,17.00,18.40,1 466,25 908
27.12.2023,17.70,17.80,16.80,17.10,11 772,204 205
22.12.2023,18.20,18.20,17.70,17.95,1 545,27 640
21.12.2023,18.15,18.60,18.00,18.05,2 871,52 320
20.12.2023,18.95,18.95,18.15,18.70,1 099,20 185
19.12.2023,18.55,18.80,18.45,18.80,1 079,20 064
18.12.2023,18.70,18.80,18.55,18.55,3 262,60 993
15.12.2023,18.25,18.80,18.25,18.60,3 694,67 658
14.12.2023,18.30,18.80,18.15,18.25,593,10 816
13.12.2023,19.00,19.00,18.00,18.45,2 626,48 044
12.12.2023,19.10,19.25,18.60,18.85,1 422,26 659
11.12.2023,19.00,19.10,19.00,19.10,601,11 442
08.12.2023,19.30,19.30,18.60,18.90,3 972,74 699
07.12.2023,19.30,19.40,19.20,19.30,67,1 296
06.12.2023,19.50,19.50,19.20,19.30,420,8 093
05.12.2023,19.50,19.50,19.10,19.20,346,6 666
04.12.2023,19.60,19.90,19.10,19.10,2 097,40 764
01.12.2023,20.00,20.20,20.00,20.00,537,10 810
30.11.2023,20.10,20.30,19.80,19.80,438,8 815
29.11.2023,20.20,20.20,19.90,20.20,299,6 018
28.11.2023,20.20,20.20,19.50,20.10,1 278,25 431
27.11.2023,20.50,20.50,19.80,20.00,104,2 090
24.11.2023,20.00,20.20,19.60,19.70,3 532,69 658
23.11.2023,20.90,20.90,19.50,20.00,2 077,40 916
22.11.2023,20.50,20.90,19.30,20.80,1 771,36 415
21.11.2023,19.30,20.50,19.30,20.20,1 108,22 174
20.11.2023,19.90,19.90,18.60,19.00,3 269,62 055
17.11.2023,20.10,20.10,19.25,20.10,9 971,199 300
16.11.2023,20.50,20.50,20.00,20.00,512,10 340
15.11.2023,21.00,21.00,19.75,20.00,801,16 173
14.11.2023,20.50,20.80,20.50,20.80,309,6 420
13.11.2023,20.40,20.80,19.20,20.40,1 066,21 818
10.11.2023,21.40,21.40,20.70,21.00,2 221,46 441
09.11.2023,21.50,21.50,21.40,21.40,215,4 621
08.11.2023,21.20,21.30,20.80,21.30,59,1 244
07.11.2023,21.20,21.30,20.80,20.80,405,8 496
06.11.2023,21.20,21.40,21.20,21.30,396,8 401
03.11.2023,21.40,21.40,20.70,21.20,2 189,45 632
02.11.2023,21.20,21.50,20.90,20.90,1 672,35 597
31.10.2023,21.10,21.40,20.80,21.20,3 609,76 254
30.10.2023,22.10,22.60,22.10,22.60,79,1 748
27.10.2023,22.90,22.90,22.00,22.10,426,9 443
26.10.2023,22.70,22.70,22.00,22.70,869,19 252
25.10.2023,22.80,22.80,22.80,22.80,63,1 436
24.10.2023,22.80,22.80,22.00,22.80,1 269,28 339
23.10.2023,23.00,23.00,22.40,22.80,830,18 644
20.10.2023,22.80,23.00,22.80,23.00,51,1 173
19.10.2023,22.40,23.00,21.60,23.00,561,12 629
18.10.2023,22.80,22.80,21.50,22.40,249,5 437
17.10.2023,22.80,22.80,21.90,22.50,613,13 635
16.10.2023,23.30,23.70,21.80,22.80,997,22 525
13.10.2023,22.90,23.00,22.50,23.00,77,1 745
12.10.2023,23.40,23.40,22.00,22.90,425,9 518
11.10.2023,23.40,23.40,23.40,23.40,2,47
10.10.2023,22.80,24.90,22.80,23.40,498,11 772
09.10.2023,22.90,22.90,22.30,22.80,71,1 616
06.10.2023,22.60,22.80,22.40,22.80,459,10 347
05.10.2023,22.80,22.90,22.80,22.90,260,5 932
04.10.2023,22.50,22.70,22.20,22.70,59,1 328
03.10.2023,23.00,23.00,22.10,22.20,914,20 302
02.10.2023,22.40,23.20,22.40,23.00,304,6 898
29.09.2023,22.80,23.20,22.20,23.10,1 013,23 270
28.09.2023,22.50,22.80,22.20,22.80,441,9 963
27.09.2023,22.50,22.50,22.40,22.50,210,4 723
26.09.2023,22.50,22.50,22.50,22.50,65,1 463
25.09.2023,23.30,23.30,22.30,22.80,118,2 681
22.09.2023,21.40,23.30,21.40,23.30,645,14 666
21.09.2023,22.70,22.70,21.30,21.40,644,14 282
20.09.2023,22.80,22.80,22.80,22.80,39,889
19.09.2023,23.00,23.10,22.60,22.60,657,15 022
18.09.2023,23.50,23.50,22.80,23.00,178,4 093
15.09.2023,23.30,23.30,23.00,23.30,1 269,29 447
14.09.2023,23.50,23.50,22.80,23.30,1 686,39 103
13.09.2023,23.90,24.00,23.30,23.50,900,21 308
12.09.2023,23.90,23.90,23.50,23.90,139,3 320
11.09.2023,23.90,24.00,23.50,23.90,444,10 576
08.09.2023,24.10,24.10,23.60,23.90,294,6 971
07.09.2023,23.50,24.10,23.50,24.10,85,2 039
06.09.2023,24.00,24.10,22.80,23.70,1 717,39 994
05.09.2023,24.30,24.40,23.30,24.00,1 814,43 239
04.09.2023,24.50,24.70,24.20,24.30,672,16 450
01.09.2023,24.70,24.80,24.50,24.50,352,8 663
31.08.2023,24.90,24.90,24.20,24.30,269,6 599
30.08.2023,25.30,25.30,24.70,24.90,157,3 918
29.08.2023,25.10,25.20,25.10,25.20,73,1 834
28.08.2023,24.90,24.90,24.90,24.90,981,24 427
25.08.2023,24.90,24.90,24.60,24.90,141,3 486
24.08.2023,25.00,25.00,24.70,24.90,205,5 098
23.08.2023,25.50,25.50,24.20,25.00,619,15 235
22.08.2023,24.30,25.50,24.20,25.50,771,19 163
21.08.2023,24.90,25.30,24.50,25.10,372,9 173
18.08.2023,25.40,25.40,24.10,24.90,620,15 238
17.08.2023,26.00,26.00,25.00,25.40,1 177,29 829
16.08.2023,26.80,26.80,25.80,25.90,947,24 635
14.08.2023,26.90,26.90,26.00,26.50,701,18 659
11.08.2023,26.30,26.70,26.20,26.70,182,4 811
10.08.2023,26.80,27.00,26.30,26.30,153,4 064
09.08.2023,26.30,26.50,26.30,26.50,107,2 815
08.08.2023,26.80,26.80,26.30,26.30,115,3 036
07.08.2023,26.20,26.60,26.20,26.40,655,17 243
04.08.2023,26.60,26.70,26.40,26.50,107,2 835
03.08.2023,26.90,26.90,26.10,26.30,646,17 303
02.08.2023,26.00,26.60,25.60,26.30,790,20 514
01.08.2023,25.60,26.00,25.60,26.00,840,21 752
31.07.2023,25.80,26.00,25.60,25.60,991,25 484
28.07.2023,26.30,26.30,26.10,26.10,316,8 260
27.07.2023,26.30,26.30,25.80,26.20,235,6 144
26.07.2023,26.40,26.40,26.20,26.30,183,4 816
25.07.2023,26.40,26.40,26.40,26.40,90,2 376
24.07.2023,26.00,26.50,25.80,26.40,866,22 511
21.07.2023,26.80,27.10,26.80,26.90,350,9 440
20.07.2023,26.90,26.90,26.40,26.40,158,4 193
19.07.2023,27.40,27.50,26.40,26.90,1 653,44 647
18.07.2023,27.80,27.80,27.20,27.30,3 297,90 088
17.07.2023,26.50,28.00,26.50,27.20,6 657,183 642
14.07.2023,26.20,26.50,25.80,26.50,986,25 785
13.07.2023,25.20,27.00,25.00,26.30,4 533,118 606
12.07.2023,24.50,25.50,24.10,25.20,4 363,107 500
11.07.2023,24.60,24.70,24.30,24.60,1 312,32 206
10.07.2023,25.20,25.20,24.70,24.70,370,9 157
07.07.2023,24.80,25.30,24.60,25.00,1 234,30 714
06.07.2023,25.00,25.20,24.00,25.20,1 332,32 817
05.07.2023,25.00,25.70,24.50,25.00,822,20 488
04.07.2023,25.30,25.50,24.50,24.90,1 480,36 825
03.07.2023,24.30,25.30,24.30,25.30,85,2 114
30.06.2023,25.00,25.40,24.30,24.30,583,14 566
29.06.2023,24.80,25.20,24.60,24.90,712,17 758
28.06.2023,25.00,25.00,24.40,24.90,1 181,28 922
27.06.2023,25.20,25.20,24.40,25.00,209,5 150
26.06.2023,25.00,25.00,24.50,25.00,427,10 538
23.06.2023,25.70,25.70,24.50,25.00,168,4 167
22.06.2023,25.50,25.60,24.60,25.60,1 284,32 262
21.06.2023,25.80,25.80,25.00,25.50,441,11 058
20.06.2023,25.20,26.00,25.20,25.60,2 040,52 588
19.06.2023,25.70,25.90,25.20,25.20,607,15 491
16.06.2023,25.70,25.70,24.70,25.60,983,25 037
15.06.2023,24.90,25.70,24.70,25.70,1 203,30 424
14.06.2023,24.90,25.50,24.80,24.80,997,24 963
13.06.2023,25.50,25.50,24.80,24.80,662,16 550
12.06.2023,25.50,25.90,24.60,25.00,1 736,43 806
09.06.2023,25.40,25.50,24.30,25.50,684,16 769
07.06.2023,25.80,25.80,24.00,25.30,795,19 875
06.06.2023,25.50,25.50,25.00,25.50,400,10 080
05.06.2023,25.80,25.80,25.30,25.80,410,10 530
02.06.2023,25.40,25.60,24.50,25.40,580,14 561
01.06.2023,26.10,26.10,25.00,25.90,397,10 017
31.05.2023,25.10,26.20,23.90,26.20,2 794,69 451
30.05.2023,25.70,25.70,25.10,25.10,1 332,33 582
29.05.2023,25.30,26.00,25.20,25.40,1 353,34 435
26.05.2023,25.00,26.00,25.00,25.20,1 253,31 701
25.05.2023,26.30,26.30,24.50,25.20,1 813,45 914
24.05.2023,27.20,27.20,26.20,26.30,834,22 068
23.05.2023,27.70,28.00,25.20,27.20,4 930,131 665
22.05.2023,28.30,28.30,26.50,27.70,2 376,65 111
19.05.2023,28.00,28.70,27.70,28.30,885,24 727
18.05.2023,28.60,28.60,27.60,28.00,888,24 783
17.05.2023,29.60,29.60,28.60,28.60,301,8 703
16.05.2023,29.60,29.60,29.20,29.60,222,6 552
15.05.2023,28.30,31.40,28.10,29.60,3 730,111 986
12.05.2023,28.00,28.30,27.70,28.30,302,8 443
11.05.2023,28.20,28.60,27.80,28.00,631,17 809
10.05.2023,28.10,28.10,27.60,28.10,466,12 992
09.05.2023,28.60,28.60,28.10,28.10,530,14 969
08.05.2023,29.20,29.20,27.50,28.80,2 452,68 678
05.05.2023,28.00,29.40,28.00,29.00,548,15 803
04.05.2023,28.30,28.70,28.00,28.00,580,16 312
02.05.2023,29.30,29.50,28.20,28.30,1 824,52 628
28.04.2023,29.00,29.70,27.80,28.70,3 370,97 247
27.04.2023,29.50,29.80,28.40,28.90,1 541,44 742
26.04.2023,31.40,31.40,29.10,29.50,4 640,138 838
25.04.2023,33.00,33.40,31.70,31.70,4 435,145 287
24.04.2023,31.60,32.20,31.20,32.20,3 391,107 821
21.04.2023,29.40,31.50,29.40,31.20,1 889,58 637
20.04.2023,30.90,30.90,29.20,29.30,953,28 511
19.04.2023,27.80,28.70,27.80,28.70,93,2 653
18.04.2023,28.40,29.00,27.90,28.50,647,18 331
17.04.2023,28.80,28.80,27.80,28.50,744,20 901
14.04.2023,29.20,29.60,28.60,28.60,69,2 011
13.04.2023,29.70,29.70,28.60,28.60,516,15 091
12.04.2023,29.70,30.30,29.70,29.70,564,16 905
11.04.2023,28.50,29.60,28.50,29.60,381,11 150
06.04.2023,27.90,28.40,27.20,28.30,828,23 059
05.04.2023,28.90,28.90,27.20,27.20,502,13 922
04.04.2023,29.00,29.00,28.70,28.90,83,2 398
03.04.2023,29.20,29.40,28.70,29.00,832,24 147
31.03.2023,29.30,29.40,28.80,29.00,633,18 429
30.03.2023,29.00,29.40,28.60,29.40,1 478,42 915
29.03.2023,29.40,29.40,29.00,29.30,1 678,48 975
28.03.2023,29.50,29.50,29.40,29.40,1 097,32 252
27.03.2023,29.20,29.70,29.00,29.60,1 014,29 542
24.03.2023,29.80,29.80,29.10,29.10,307,8 987
23.03.2023,29.20,29.80,29.20,29.80,320,9 413
22.03.2023,29.40,29.90,29.00,29.00,1 040,30 396
21.03.2023,30.00,30.00,29.20,29.90,430,12 711
20.03.2023,31.00,31.00,29.30,30.00,208,6 218
17.03.2023,31.00,31.40,30.00,31.10,1 190,36 121
16.03.2023,31.50,31.50,30.20,30.20,252,7 863
15.03.2023,31.90,32.00,31.30,31.40,625,19 909
14.03.2023,31.00,31.70,31.00,31.70,309,9 786
13.03.2023,31.10,31.60,30.80,31.00,806,24 926
10.03.2023,30.10,32.00,30.10,32.00,989,30 587
09.03.2023,32.00,32.00,31.40,32.00,1 029,32 523
08.03.2023,31.70,31.90,31.00,31.00,854,26 814
07.03.2023,32.20,32.20,31.00,31.00,1 124,35 231
06.03.2023,32.30,32.80,30.90,32.60,1 964,63 034
03.03.2023,31.50,31.70,30.00,31.30,895,27 163
02.03.2023,31.60,33.30,30.60,30.60,2 047,65 977
01.03.2023,30.10,31.90,30.10,31.70,969,30 140
28.02.2023,30.50,30.80,29.40,30.10,1 868,56 339
27.02.2023,31.00,31.70,30.40,30.40,1 706,52 576
24.02.2023,30.90,30.90,30.70,30.80,252,7 777
23.02.2023,31.00,31.00,30.70,30.90,208,6 446
22.02.2023,31.40,31.40,30.50,30.60,220,6 743
21.02.2023,31.80,31.90,30.40,30.40,743,23 008
20.02.2023,31.60,31.90,31.20,31.80,647,20 325
17.02.2023,31.20,31.70,31.00,31.20,1 311,40 803
16.02.2023,33.40,33.40,30.40,31.00,4 562,143 422
15.02.2023,34.50,35.00,30.10,33.50,7 957,257 614
14.02.2023,34.70,35.30,34.50,34.50,1 577,54 756
13.02.2023,35.40,36.90,34.70,34.70,2 915,103 740
10.02.2023,36.20,36.20,34.70,35.20,899,31 711
09.02.2023,36.00,36.20,35.70,36.20,666,23 847
08.02.2023,36.10,36.10,36.00,36.00,52,1 873
07.02.2023,36.40,36.40,36.20,36.20,77,2 790
06.02.2023,35.50,36.80,35.40,36.20,795,28 497
03.02.2023,37.70,37.70,34.70,35.80,1 118,39 582
02.02.2023,35.70,37.00,35.70,37.00,906,32 795
01.02.2023,36.50,36.70,36.00,36.00,330,12 003
31.01.2023,35.20,36.70,35.20,36.70,280,10 127
30.01.2023,35.00,35.90,33.70,35.70,1 732,60 057
27.01.2023,36.70,36.70,36.60,36.60,125,4 576
26.01.2023,36.70,36.70,36.70,36.70,85,3 120
25.01.2023,36.30,36.80,36.30,36.60,187,6 846
24.01.2023,36.60,36.60,35.70,36.30,85,3 066
23.01.2023,35.50,36.60,35.50,36.60,257,9 323
20.01.2023,35.50,35.90,35.50,35.50,389,13 874
19.01.2023,36.50,36.50,36.00,36.00,201,7 254
18.01.2023,36.10,37.00,35.50,36.60,606,21 772
17.01.2023,37.00,37.10,36.10,36.10,260,9 483
16.01.2023,36.50,37.60,36.50,37.60,151,5 610
13.01.2023,36.20,36.50,36.00,36.10,145,5 241
12.01.2023,37.00,37.00,36.60,36.60,205,7 505
11.01.2023,38.00,38.00,37.20,37.20,170,6 371
10.01.2023,37.50,38.30,37.00,37.50,1 546,58 502
09.01.2023,37.10,38.90,36.90,38.30,3 961,149 517
05.01.2023,35.90,36.90,35.90,36.80,1 400,51 272
04.01.2023,36.00,36.00,35.00,35.90,1 262,45 307
03.01.2023,34.90,37.00,34.90,36.00,2 836,101 878
02.01.2023,32.00,35.90,32.00,34.50,1 511,51 261
30.12.2022,33.00,33.00,32.90,32.90,301,9 933
29.12.2022,33.10,33.10,33.00,33.00,563,18 579
28.12.2022,32.60,33.00,28.00,33.00,2 293,71 266
27.12.2022,32.50,33.60,31.80,32.70,383,12 747
23.12.2022,32.80,32.80,32.00,32.00,3 016,97 419
22.12.2022,33.60,33.60,33.00,33.00,85,2 847
21.12.2022,33.60,33.60,33.60,33.60,163,5 477
20.12.2022,33.80,33.80,33.80,33.80,6,203
19.12.2022,33.80,33.80,33.80,33.80,90,3 042
15.12.2022,33.30,34.00,33.30,34.00,296,10 053
14.12.2022,33.50,33.60,33.00,33.00,633,20 955
13.12.2022,35.60,35.60,33.00,33.10,220,7 458
12.12.2022,34.00,35.70,34.00,35.60,450,15 719
09.12.2022,33.60,35.00,32.60,34.00,818,27 546
08.12.2022,32.70,33.60,32.70,32.90,387,12 815
07.12.2022,32.90,32.90,32.70,32.70,60,1 965
06.12.2022,33.00,33.80,32.50,32.70,1 652,54 053
05.12.2022,33.10,33.70,33.00,33.00,260,8 620
02.12.2022,33.70,35.70,32.70,33.10,459,15 500
01.12.2022,32.40,33.70,32.40,33.70,50,1 653
30.11.2022,33.80,34.00,32.10,32.20,2 074,67 141
29.11.2022,32.20,33.60,32.10,33.60,1 180,38 163
28.11.2022,32.80,33.50,32.00,32.20,1 745,56 350
25.11.2022,33.00,33.40,32.40,32.80,255,8 389
24.11.2022,32.50,32.50,31.60,31.60,144,4 601
23.11.2022,33.50,33.50,32.00,33.00,537,17 522
22.11.2022,34.40,35.00,33.20,33.20,305,10 211
21.11.2022,33.00,34.40,33.00,34.40,488,16 490
18.11.2022,33.00,33.20,32.40,33.00,896,29 591
17.11.2022,34.30,34.30,33.10,33.10,326,10 959
16.11.2022,33.50,34.40,33.00,34.30,3 617,119 855
15.11.2022,34.00,34.80,33.70,33.70,643,21 951
14.11.2022,35.80,35.80,34.60,34.80,754,26 327
10.11.2022,34.30,35.50,34.30,35.20,406,14 073
09.11.2022,36.70,36.70,34.00,35.00,4 926,171 918
08.11.2022,37.00,37.40,35.00,37.00,1 865,67 578
07.11.2022,35.00,37.40,34.80,37.40,898,32 710
04.11.2022,35.50,36.00,35.00,35.00,3 178,111 641
03.11.2022,36.00,36.00,34.00,35.50,938,32 519
02.11.2022,35.80,38.00,35.80,36.00,4 295,155 101
31.10.2022,35.40,35.50,35.00,35.00,671,23 556
28.10.2022,35.90,36.00,35.00,35.00,1 546,55 052
27.10.2022,36.00,36.00,35.90,35.90,283,10 180
26.10.2022,35.30,36.00,35.30,36.00,57,2 043
25.10.2022,34.60,35.30,34.60,35.30,36,1 266
24.10.2022,35.90,35.90,34.60,34.60,6,214
21.10.2022,35.20,36.00,34.10,36.00,702,24 722
20.10.2022,36.50,36.50,35.10,35.10,535,19 117
19.10.2022,35.50,37.00,35.50,37.00,292,10 560
18.10.2022,33.40,36.30,33.40,34.90,791,28 054
17.10.2022,33.50,33.80,32.30,33.80,354,11 722
14.10.2022,34.00,34.00,33.50,33.50,153,5 143
13.10.2022,34.10,34.20,33.00,33.80,260,8 716
12.10.2022,34.40,34.50,34.40,34.50,55,1 897
11.10.2022,33.50,34.00,33.50,34.00,115,3 863
10.10.2022,33.20,33.20,32.90,33.00,321,10 614
07.10.2022,33.50,33.60,32.10,33.60,345,11 409
06.10.2022,34.20,34.20,33.60,33.90,110,3 740
05.10.2022,34.20,34.20,34.20,34.20,4,137
04.10.2022,33.00,33.80,33.00,33.80,14,470
03.10.2022,32.10,34.00,32.10,33.00,368,12 110
30.09.2022,37.00,37.00,32.10,32.20,1 127,37 248
29.09.2022,34.00,34.50,32.30,32.60,666,22 035
28.09.2022,36.00,36.00,31.70,34.00,927,31 721
27.09.2022,35.40,37.00,35.20,36.00,292,10 552
26.09.2022,36.20,36.20,35.00,35.50,1 322,46 881
23.09.2022,37.80,37.80,36.00,36.90,632,23 194
22.09.2022,38.10,38.20,37.80,38.00,965,36 724
21.09.2022,40.00,40.00,38.20,38.50,1 002,39 309
20.09.2022,38.80,45.00,38.80,39.40,4 684,191 670
19.09.2022,37.80,37.80,37.70,37.70,272,10 266
16.09.2022,36.00,37.80,36.00,37.80,397,14 812
15.09.2022,36.30,37.00,35.50,36.30,153,5 579
14.09.2022,36.00,36.50,36.00,36.50,47,1 706
13.09.2022,37.00,37.00,35.20,36.00,994,35 521
12.09.2022,36.20,37.00,35.50,37.00,564,20 335
09.09.2022,36.70,37.90,36.30,36.30,181,6 578
08.09.2022,37.90,37.90,37.00,37.00,188,7 024
07.09.2022,38.40,38.80,35.10,37.00,766,28 191
06.09.2022,38.20,38.50,36.60,38.30,344,12 935
05.09.2022,35.80,38.00,35.80,38.00,565,20 958
02.09.2022,35.50,37.00,35.00,37.00,419,15 228
01.09.2022,36.60,36.60,35.10,35.50,123,4 356
31.08.2022,37.00,37.00,37.00,37.00,5,185
30.08.2022,37.00,37.50,37.00,37.00,177,6 552
29.08.2022,36.80,37.00,36.80,37.00,35,1 294
26.08.2022,36.90,37.00,36.80,36.80,161,5 945
25.08.2022,37.10,37.50,37.10,37.50,160,5 998
24.08.2022,37.30,39.00,37.10,37.10,534,19 941
23.08.2022,38.80,38.80,36.20,37.00,240,8 953
22.08.2022,37.50,38.90,37.40,38.90,77,2 950
19.08.2022,38.90,39.50,38.90,39.00,531,20 761
18.08.2022,38.00,39.00,36.50,39.00,635,23 616
17.08.2022,39.00,39.00,37.80,38.80,195,7 434
16.08.2022,37.50,39.50,37.50,39.00,1 610,62 484
12.08.2022,37.40,37.40,37.30,37.40,146,5 455
11.08.2022,36.90,37.50,36.50,37.50,441,16 269
10.08.2022,36.00,36.60,35.00,36.50,274,9 742
09.08.2022,37.00,37.00,36.00,36.00,194,7 045
08.08.2022,36.90,36.90,35.30,36.90,985,35 284
05.08.2022,37.50,37.50,34.00,36.50,1 063,37 632
04.08.2022,38.60,38.60,37.00,38.00,475,17 772
03.08.2022,40.00,40.00,39.00,40.00,540,21 450
02.08.2022,43.30,43.30,40.30,40.30,543,22 117
01.08.2022,41.00,47.20,40.00,43.50,2 674,114 335
29.07.2022,41.50,42.80,39.90,41.00,2 666,109 141
28.07.2022,37.60,47.00,32.20,39.50,13 242,564 424
27.07.2022,36.00,37.80,36.00,37.60,935,34 538
26.07.2022,34.90,37.00,33.80,37.00,3 290,115 704
25.07.2022,32.00,34.00,32.00,33.90,1 184,39 356
22.07.2022,30.00,33.90,30.00,32.40,1 096,34 097
21.07.2022,31.60,34.00,29.40,30.00,3 813,118 034
20.07.2022,22.00,31.60,22.00,31.60,3 425,91 483
19.07.2022,22.40,22.40,22.40,22.40,40,896
18.07.2022,21.80,22.40,21.60,22.40,128,2 788
15.07.2022,22.30,22.30,22.00,22.00,100,2 203
14.07.2022,22.60,22.60,22.60,22.60,915,20 679
13.07.2022,22.60,23.30,22.60,22.80,102,2 311
12.07.2022,22.40,23.50,22.10,22.10,3 021,66 778
11.07.2022,23.50,23.50,22.00,22.00,2 335,51 584
08.07.2022,23.90,26.20,23.00,23.00,504,12 343
07.07.2022,23.30,23.90,23.30,23.90,160,3 821
06.07.2022,24.00,25.00,20.40,23.30,16 014,333 268
05.07.2022,25.10,25.50,23.60,23.60,890,21 837
04.07.2022,26.00,29.30,25.00,25.00,1 471,39 201
01.07.2022,25.30,26.00,24.00,24.00,1 212,30 073
30.06.2022,26.70,28.50,25.30,25.30,1 211,33 356
29.06.2022,25.60,27.60,25.00,25.00,775,20 423
28.06.2022,25.80,27.60,22.70,27.60,640,16 000
27.06.2022,27.60,27.60,25.90,26.40,124,3 250
24.06.2022,26.90,27.60,26.90,27.60,291,7 895
23.06.2022,27.40,28.00,26.00,26.00,650,17 786
22.06.2022,25.50,26.70,24.20,26.70,538,13 456
21.06.2022,22.40,25.80,22.40,25.50,872,20 915
20.06.2022,21.60,22.40,21.60,22.40,194,4 278
17.06.2022,22.00,22.00,22.00,22.00,99,2 178
15.06.2022,21.00,22.00,21.00,22.00,200,4 273
14.06.2022,21.00,21.00,21.00,21.00,180,3 780
13.06.2022,21.00,21.10,21.00,21.00,215,4 525
10.06.2022,21.10,21.10,20.50,20.50,47,971
09.06.2022,22.00,22.00,21.00,21.60,456,9 714
08.06.2022,22.60,22.60,22.00,22.00,175,3 886
07.06.2022,22.00,22.80,21.00,22.80,100,2 193
06.06.2022,21.10,23.40,19.60,22.00,1 127,24 621
03.06.2022,19.50,28.00,18.55,21.00,6 922,148 694
02.06.2022,23.00,23.00,18.55,18.55,239,4 868
01.06.2022,22.90,23.50,22.60,23.50,135,3 116
31.05.2022,24.40,24.40,22.50,22.50,803,18 612
30.05.2022,23.80,24.40,23.80,24.40,335,8 144
27.05.2022,23.80,23.80,23.80,23.80,2,48
26.05.2022,23.30,23.80,23.30,23.80,219,5 136
23.05.2022,22.50,23.30,22.50,23.30,32,732
20.05.2022,22.50,22.50,22.00,22.00,120,2 669
19.05.2022,24.20,24.20,22.80,22.80,240,5 490
18.05.2022,24.50,24.50,24.40,24.40,202,4 929
17.05.2022,23.00,24.50,22.50,24.50,1 250,28 992
16.05.2022,23.90,23.90,23.00,23.00,82,1 888
13.05.2022,22.00,23.90,22.00,23.90,575,13 419
12.05.2022,22.10,23.80,21.80,23.80,285,6 413
11.05.2022,22.80,23.20,22.50,23.20,185,4 206
10.05.2022,22.00,23.90,22.00,23.90,480,10 759
09.05.2022,22.70,22.70,21.00,22.40,365,8 043
06.05.2022,20.00,22.70,20.00,22.70,570,11 900
05.05.2022,19.50,19.75,19.50,19.75,55,1 083
04.05.2022,19.50,19.50,19.50,19.50,68,1 326
02.05.2022,19.50,19.50,19.50,19.50,97,1 892
29.04.2022,19.50,19.50,19.50,19.50,50,975
28.04.2022,19.00,19.00,19.00,19.00,65,1 235
27.04.2022,18.50,19.20,18.50,19.20,41,777
26.04.2022,18.10,18.10,18.10,18.10,4,72
25.04.2022,20.30,20.30,18.10,18.10,275,5 319
21.04.2022,21.00,21.00,21.00,21.00,55,1 155
20.04.2022,20.60,20.80,20.00,20.80,173,3 533
19.04.2022,22.00,22.00,19.00,19.00,208,4 360
14.04.2022,22.60,22.60,22.00,22.00,160,3 566
13.04.2022,23.50,23.50,22.20,22.30,190,4 258
12.04.2022,21.60,24.00,21.10,24.00,464,10 154
11.04.2022,21.80,22.20,21.40,22.20,196,4 242
08.04.2022,22.00,22.00,22.00,22.00,80,1 760
07.04.2022,23.50,23.50,20.00,21.80,1 282,27 652
06.04.2022,24.00,24.00,24.00,24.00,5,120
05.04.2022,23.90,24.50,23.89,24.50,260,6 222
04.04.2022,23.50,23.90,23.49,23.90,227,5 359
01.04.2022,22.70,23.40,22.70,23.40,525,12 077
31.03.2022,22.81,22.81,22.45,22.45,185,4 194
29.03.2022,22.70,22.80,22.00,22.80,312,6 976
28.03.2022,22.70,22.70,22.00,22.00,102,2 245
25.03.2022,21.80,22.70,21.80,22.70,40,894
24.03.2022,21.50,21.50,21.50,21.50,5,108
23.03.2022,21.60,21.60,21.00,21.00,610,12 874
22.03.2022,21.60,21.60,21.50,21.50,400,8 610
21.03.2022,22.00,22.00,21.50,21.50,130,2 833
18.03.2022,22.00,23.50,22.00,22.00,369,8 294
17.03.2022,21.30,22.00,20.10,22.00,845,17 427
16.03.2022,22.00,22.40,21.00,21.20,620,13 338
15.03.2022,20.90,23.50,20.90,22.00,3 591,80 628
14.03.2022,20.20,20.20,20.20,20.20,4,81
11.03.2022,21.00,21.00,20.30,20.30,310,6 300
10.03.2022,21.20,21.70,21.20,21.70,80,1 697
09.03.2022,21.20,21.20,20.20,20.20,212,4 314
08.03.2022,21.20,21.20,21.20,21.20,41,869
07.03.2022,22.00,22.00,21.20,21.20,120,2 605
04.03.2022,22.00,22.00,22.00,22.00,5,110
03.03.2022,22.80,22.80,22.20,22.20,1 218,27 094
02.03.2022,23.30,23.30,22.70,22.70,546,12 565
01.03.2022,23.50,23.50,23.50,23.50,500,11 750
28.02.2022,22.70,23.90,22.70,23.90,60,1 403
25.02.2022,22.70,22.70,22.70,22.70,57,1 294
24.02.2022,23.00,23.00,22.70,22.70,20,457
23.02.2022,23.20,23.20,23.00,23.00,749,17 317
22.02.2022,23.00,23.00,23.00,23.00,10,230
21.02.2022,24.50,24.50,22.70,23.00,859,20 108
18.02.2022,26.10,26.10,24.00,24.00,1 440,35 927
17.02.2022,27.20,27.20,26.40,26.40,83,2 194
16.02.2022,27.00,27.00,26.50,26.50,207,5 536
15.02.2022,27.00,27.40,26.20,27.40,417,11 153
14.02.2022,28.00,28.00,27.00,27.00,205,5 639
11.02.2022,28.00,28.00,28.00,28.00,5,140
10.02.2022,28.00,28.00,28.00,28.00,5,140
09.02.2022,28.50,28.50,28.00,28.00,105,2 948
08.02.2022,28.50,29.39,28.50,28.50,195,5 579
03.02.2022,28.60,28.60,28.60,28.60,57,1 630
01.02.2022,29.30,29.40,28.60,28.60,305,8 782
31.01.2022,28.50,29.90,28.50,29.00,400,11 722
28.01.2022,28.50,28.50,28.50,28.50,300,8 550
27.01.2022,28.50,28.50,28.50,28.50,1,29
26.01.2022,28.40,28.40,28.40,28.40,7,199
25.01.2022,27.10,28.40,27.10,28.40,113,3 104
24.01.2022,29.50,29.50,28.00,28.00,596,16 809
21.01.2022,30.01,32.00,29.60,30.00,1 055,31 787
20.01.2022,30.00,30.00,30.00,30.00,39,1 170
18.01.2022,30.50,30.50,30.00,30.00,106,3 183
17.01.2022,30.00,30.00,30.00,30.00,5,150
13.01.2022,32.00,32.00,29.15,29.50,211,6 607
12.01.2022,31.00,32.00,31.00,32.00,300,9 338
11.01.2022,31.50,32.00,29.00,30.50,243,7 419
10.01.2022,34.50,34.50,28.60,31.00,194,6 249
07.01.2022,33.50,34.50,33.50,34.50,150,5 115
05.01.2022,29.80,33.00,29.80,33.00,73,2 362
04.01.2022,28.00,29.40,28.00,29.40,84,2 384
03.01.2022,25.20,27.00,25.00,27.00,350,9 054
30.12.2021,25.40,25.60,25.40,25.60,70,1 780
29.12.2021,24.40,25.50,24.40,25.40,145,3 649
28.12.2021,24.50,24.80,24.10,24.50,358,8 782
27.12.2021,25.00,25.12,25.00,25.00,7 676,192 731
23.12.2021,24.50,24.75,24.20,24.75,620,15 075
22.12.2021,25.30,25.30,24.40,24.40,130,3 243
21.12.2021,24.50,25.70,24.00,25.30,1 133,27 754
20.12.2021,25.00,25.00,25.00,25.00,10,250
17.12.2021,24.80,25.40,24.30,25.20,1 007,24 807
16.12.2021,24.61,24.80,24.30,24.80,769,19 027
15.12.2021,25.00,25.00,25.00,25.00,746,18 650
14.12.2021,25.00,25.00,24.99,25.00,604,15 100
13.12.2021,26.00,26.00,24.70,25.00,384,9 599
10.12.2021,27.00,27.00,23.30,26.00,828,20 584
09.12.2021,27.50,27.50,27.40,27.40,80,2 193
08.12.2021,28.00,28.00,28.00,28.00,200,5 600
07.12.2021,28.00,28.00,28.00,28.00,2,56
06.12.2021,28.00,28.00,28.00,28.00,272,7 616
03.12.2021,28.00,29.00,28.00,28.00,382,10 919
02.12.2021,27.60,27.60,27.60,27.60,139,3 836
01.12.2021,28.10,28.10,23.20,27.30,685,17 623
30.11.2021,28.40,28.40,28.40,28.40,2,57
29.11.2021,28.50,28.50,28.50,28.50,103,2 936
26.11.2021,28.70,28.70,28.50,28.50,240,6 880
25.11.2021,28.71,28.71,28.20,28.70,357,10 202
24.11.2021,29.00,29.00,28.80,28.80,520,15 050
23.11.2021,29.00,29.00,28.90,29.00,250,7 245
22.11.2021,29.00,29.00,29.00,29.00,1,29
19.11.2021,29.60,29.60,29.00,29.00,242,7 042
18.11.2021,29.50,29.50,29.50,29.50,438,12 921
17.11.2021,29.00,29.50,29.00,29.50,655,19 148
16.11.2021,28.90,28.90,28.71,28.71,370,10 680
15.11.2021,28.90,28.90,28.90,28.90,125,3 613
12.11.2021,28.90,28.90,28.71,28.71,320,9 244
10.11.2021,29.00,29.00,28.80,28.80,454,13 095
09.11.2021,29.00,29.00,28.80,28.80,279,8 076
08.11.2021,29.40,29.40,29.00,29.00,410,11 894
05.11.2021,29.00,29.00,29.00,29.00,140,4 060
04.11.2021,28.70,29.00,28.70,28.71,235,6 771
03.11.2021,29.50,29.50,29.00,29.00,1 084,31 561
02.11.2021,29.20,29.50,29.20,29.50,253,7 445
29.10.2021,29.00,29.00,29.00,29.00,205,5 945
28.10.2021,29.00,29.00,28.70,29.00,384,11 088
27.10.2021,28.50,28.70,28.50,28.70,290,8 322
26.10.2021,29.50,30.20,28.00,28.50,708,20 580
25.10.2021,30.00,30.00,29.00,29.20,363,10 744
22.10.2021,29.60,30.00,29.00,30.00,595,17 527
21.10.2021,31.00,31.00,29.40,30.00,498,15 178
20.10.2021,31.20,31.20,31.00,31.00,294,9 146
19.10.2021,31.90,32.00,31.20,31.20,208,6 526
18.10.2021,31.50,31.50,31.50,31.50,114,3 591
15.10.2021,32.00,32.00,31.00,32.00,932,29 229
13.10.2021,31.80,33.00,31.60,32.00,860,27 492
12.10.2021,33.85,33.85,31.60,33.00,1 430,46 626
11.10.2021,33.80,33.90,33.80,33.90,72,2 439
08.10.2021,33.80,33.90,33.80,33.90,157,5 321
07.10.2021,33.30,33.30,33.30,33.30,1,33
06.10.2021,33.80,33.80,33.20,33.80,105,3 502
05.10.2021,33.90,33.90,33.00,33.70,947,31 380
04.10.2021,33.30,33.90,33.00,33.00,849,28 143
01.10.2021,34.00,34.00,33.30,33.30,975,32 742
30.09.2021,33.50,34.00,33.50,34.00,177,5 975
29.09.2021,33.50,33.90,33.00,33.00,135,4 465
28.09.2021,34.00,34.00,33.00,33.50,386,12 972
27.09.2021,33.60,34.00,33.60,34.00,77,2 605
23.09.2021,34.00,34.00,33.40,33.40,175,5 945
22.09.2021,34.00,34.00,34.00,34.00,19,646
21.09.2021,33.00,34.00,33.00,34.00,74,2 477
20.09.2021,34.10,34.26,34.10,34.26,313,10 675
17.09.2021,34.50,34.50,34.10,34.10,23,786
16.09.2021,33.00,34.40,33.00,34.40,323,10 829
15.09.2021,34.00,34.50,34.00,34.50,340,11 724
14.09.2021,33.40,33.40,33.40,33.40,110,3 674
13.09.2021,32.50,33.60,32.50,33.60,335,11 089
10.09.2021,31.50,32.20,31.50,32.00,195,6 237
09.09.2021,32.50,32.50,31.00,31.00,170,5 344
08.09.2021,32.50,32.50,32.50,32.50,111,3 608
07.09.2021,32.50,32.51,32.50,32.50,130,4 225
06.09.2021,32.49,32.60,32.00,32.40,135,4 385
03.09.2021,32.90,32.90,31.20,31.80,190,6 135
02.09.2021,30.00,30.00,30.00,30.00,3,90
01.09.2021,30.30,31.00,29.80,29.80,698,21 060
31.08.2021,29.00,33.00,29.00,30.50,1 329,39 436
30.08.2021,29.99,29.99,28.90,28.90,292,8 601
27.08.2021,30.00,30.00,29.80,30.00,377,11 290
26.08.2021,29.70,30.20,29.70,30.00,655,19 577
25.08.2021,30.70,30.70,29.50,29.70,670,19 992
24.08.2021,31.85,31.85,30.80,31.00,297,9 195
23.08.2021,31.79,31.90,31.50,31.90,205,6 493
20.08.2021,31.80,31.90,29.40,31.50,814,25 398
19.08.2021,33.10,33.10,32.40,32.40,256,8 418
18.08.2021,33.20,33.20,33.20,33.20,25,830
17.08.2021,33.20,33.20,33.20,33.20,2,66
16.08.2021,33.10,33.24,33.10,33.24,220,7 312
13.08.2021,33.20,33.50,33.05,33.50,50,1 660
12.08.2021,34.30,34.30,33.20,33.20,171,5 749
11.08.2021,34.30,34.30,34.30,34.30,10,343
10.08.2021,33.70,34.00,33.70,34.00,45,1 527
09.08.2021,33.25,33.60,33.25,33.60,110,3 665
06.08.2021,34.51,34.51,33.40,34.50,416,14 254
05.08.2021,34.60,34.60,34.60,34.60,105,3 633
04.08.2021,35.00,35.00,34.71,34.71,50,1 749
03.08.2021,35.00,35.00,35.00,35.00,2,70
02.08.2021,35.00,35.00,35.00,35.00,5,175
30.07.2021,35.50,35.50,35.00,35.00,290,10 175
29.07.2021,35.80,35.80,35.80,35.80,97,3 472
28.07.2021,35.40,35.60,35.40,35.60,16,569
27.07.2021,35.10,35.10,35.00,35.00,347,12 159
26.07.2021,35.40,35.40,35.20,35.20,245,8 639
23.07.2021,35.50,35.50,35.50,35.50,44,1 562
22.07.2021,35.80,35.80,35.50,35.50,77,2 735
21.07.2021,36.10,36.10,35.50,35.50,277,9 850
20.07.2021,36.15,36.15,36.15,36.15,17,614
19.07.2021,36.00,36.00,36.00,36.00,92,3 312
16.07.2021,37.80,37.80,36.00,36.00,1 718,61 949
15.07.2021,37.00,37.60,37.00,37.60,50,1 874
14.07.2021,36.00,37.20,36.00,37.20,741,27 250
13.07.2021,36.00,36.65,36.00,36.65,37,1 349
12.07.2021,36.00,36.00,36.00,36.00,1 312,47 232
09.07.2021,35.50,37.00,35.50,36.00,32,1 158
08.07.2021,36.40,36.40,35.60,35.60,35,1 253
07.07.2021,35.70,36.40,35.70,36.40,71,2 556
06.07.2021,35.60,35.60,35.60,35.60,27,961
05.07.2021,35.50,35.60,35.50,35.60,70,2 490
02.07.2021,35.80,35.80,35.50,35.50,39,1 387
01.07.2021,34.60,36.00,34.60,35.60,117,4 134
30.06.2021,36.40,36.40,34.00,35.00,326,11 430
29.06.2021,36.50,36.50,36.50,36.50,5,183
28.06.2021,38.40,38.40,36.00,36.00,17,624
25.06.2021,36.00,38.00,36.00,38.00,290,10 610
24.06.2021,36.00,36.00,36.00,36.00,5,180
23.06.2021,36.20,36.20,36.00,36.00,105,3 784
21.06.2021,36.40,36.50,36.40,36.50,105,3 832
18.06.2021,36.00,36.00,36.00,36.00,40,1 440
16.06.2021,36.00,36.00,36.00,36.00,300,10 800
15.06.2021,36.00,37.30,36.00,36.00,883,31 926
14.06.2021,35.10,36.05,35.00,36.00,966,34 457
11.06.2021,35.00,35.20,35.00,35.00,415,14 545
10.06.2021,36.60,36.60,35.00,36.00,733,26 214
08.06.2021,36.30,36.90,36.30,36.90,60,2 183
07.06.2021,37.00,37.00,36.50,36.50,122,4 504
04.06.2021,37.00,37.00,37.00,37.00,40,1 480
02.06.2021,37.30,39.00,37.25,39.00,141,5 413
01.06.2021,38.15,38.15,37.35,37.35,28,1 047
31.05.2021,38.20,38.20,38.00,38.15,375,14 297
28.05.2021,35.00,35.20,35.00,35.20,50,1 760
27.05.2021,36.80,36.80,35.00,35.00,612,21 564
26.05.2021,36.50,36.50,36.00,36.00,484,17 565
25.05.2021,36.90,36.90,36.00,36.20,1 102,39 733
24.05.2021,36.99,37.50,36.99,37.00,213,7 951
21.05.2021,36.60,36.90,36.00,36.90,1 501,54 479
20.05.2021,37.50,37.50,36.52,36.52,675,24 918
19.05.2021,39.00,39.00,37.50,37.70,433,16 390
18.05.2021,40.30,40.30,38.80,39.00,105,4 120
17.05.2021,40.50,40.50,40.50,40.50,64,2 592
14.05.2021,40.00,40.50,40.00,40.50,55,2 210
13.05.2021,39.60,40.00,39.00,40.00,243,9 636
12.05.2021,39.00,39.60,38.00,39.60,279,10 713
11.05.2021,39.90,39.90,39.10,39.10,194,7 653
10.05.2021,40.00,40.00,39.90,39.90,35,1 398
07.05.2021,40.20,40.20,38.90,38.90,439,17 593
06.05.2021,40.30,40.30,40.20,40.20,40,1 609
05.05.2021,40.10,40.30,40.10,40.20,312,12 532
04.05.2021,40.40,40.40,40.10,40.40,171,6 880
30.04.2021,40.10,40.41,40.10,40.41,385,15 463
29.04.2021,41.20,41.20,40.10,40.10,2 401,96 329
28.04.2021,41.00,41.70,41.00,41.50,267,11 084
27.04.2021,40.30,40.30,40.30,40.30,50,2 015
26.04.2021,40.40,40.80,40.00,40.00,255,10 388
22.04.2021,40.10,40.20,40.00,40.00,146,5 859
21.04.2021,40.00,40.00,40.00,40.00,400,16 000
20.04.2021,40.20,40.50,40.00,40.40,1 544,61 998
19.04.2021,39.60,40.80,39.60,40.00,1 419,56 863
16.04.2021,40.00,40.00,38.85,39.30,1 201,47 137
15.04.2021,39.20,40.10,39.00,39.00,803,31 347
14.04.2021,39.40,39.40,38.95,39.20,321,12 537
13.04.2021,39.20,39.20,39.00,39.00,404,15 831
12.04.2021,39.40,39.40,39.20,39.20,20,786
09.04.2021,40.00,40.20,39.40,39.40,351,14 053
08.04.2021,40.20,40.20,40.00,40.00,55,2 200
07.04.2021,39.00,40.25,39.00,40.25,583,22 921
06.04.2021,39.00,39.00,38.00,38.90,318,12 351
01.04.2021,40.00,40.00,39.00,39.00,407,15 875
31.03.2021,39.50,40.25,39.50,40.00,1 468,58 802
30.03.2021,39.20,39.20,39.00,39.00,45,1 763
29.03.2021,40.20,40.20,39.00,39.00,146,5 769
26.03.2021,38.70,40.20,38.70,40.20,1 031,40 622
25.03.2021,38.50,38.50,38.50,38.50,55,2 118
24.03.2021,39.50,39.50,36.00,38.40,611,23 179
23.03.2021,39.80,40.00,39.70,39.70,1 085,43 178
22.03.2021,40.59,40.59,39.80,39.80,180,7 267
19.03.2021,40.50,40.90,39.90,40.30,315,12 692
18.03.2021,40.00,40.20,40.00,40.20,453,18 167
17.03.2021,41.30,41.30,40.00,40.00,1 027,41 280
16.03.2021,42.00,42.80,41.10,41.40,527,22 365
15.03.2021,40.50,40.50,40.00,40.30,459,18 395
12.03.2021,40.00,40.40,39.50,40.00,678,26 885
11.03.2021,40.10,40.20,39.80,40.00,854,34 135
10.03.2021,40.00,40.50,40.00,40.00,119,4 774
09.03.2021,40.00,41.14,40.00,40.00,251,10 066
08.03.2021,40.00,40.10,40.00,40.00,219,8 761
05.03.2021,40.00,40.50,39.70,39.70,257,10 271
04.03.2021,40.00,41.15,40.00,41.15,103,4 123
03.03.2021,40.50,41.00,40.00,41.00,1 180,47 514
02.03.2021,40.00,40.50,40.00,40.50,1 924,77 439
01.03.2021,41.00,41.00,40.00,40.35,1 882,75 471
26.02.2021,40.80,41.00,40.00,41.00,402,16 180
25.02.2021,41.90,41.90,40.25,40.25,273,11 257
24.02.2021,40.01,40.45,40.01,40.40,1 100,44 223
23.02.2021,40.50,40.50,40.00,40.01,3 388,135 574
22.02.2021,43.00,43.00,40.50,40.50,878,36 411
19.02.2021,47.00,47.00,43.00,43.00,1 347,60 060
18.02.2021,40.00,43.00,40.00,43.00,904,36 998
17.02.2021,41.00,41.00,40.00,40.00,3 845,153 905
16.02.2021,42.00,42.00,40.50,41.00,232,9 558
15.02.2021,38.60,41.80,38.60,41.00,5 125,203 877
12.02.2021,38.00,39.00,37.50,38.60,2 764,105 748
11.02.2021,36.70,38.90,36.60,38.00,5 075,191 882
10.02.2021,35.70,36.00,35.70,36.00,345,12 344
09.02.2021,35.60,35.70,35.60,35.70,213,7 588
08.02.2021,35.30,35.30,35.20,35.20,23,811
04.02.2021,35.20,35.20,35.20,35.20,88,3 098
03.02.2021,35.20,35.20,35.20,35.20,36,1 267
02.02.2021,35.50,35.50,35.00,35.10,281,9 841
01.02.2021,36.20,36.20,35.49,35.50,1 835,65 354
29.01.2021,35.60,35.80,35.30,35.80,15,534
28.01.2021,35.00,35.50,35.00,35.50,1 499,53 033
27.01.2021,35.75,35.75,33.10,35.00,2 304,80 992
26.01.2021,36.50,36.80,36.00,36.00,126,4 561
25.01.2021,37.50,37.50,35.50,36.30,998,36 324
22.01.2021,39.00,39.00,37.50,37.50,680,26 145
21.01.2021,36.80,39.00,36.80,39.00,762,28 547
20.01.2021,36.20,36.60,35.80,36.60,563,20 470
19.01.2021,36.70,36.70,35.50,36.20,1 225,43 860
18.01.2021,37.09,37.10,37.09,37.10,56,2 078
15.01.2021,37.10,37.10,36.50,36.50,59,2 172
14.01.2021,37.00,37.40,36.50,36.50,58,2 160
13.01.2021,37.20,37.20,36.60,36.60,113,4 142
12.01.2021,37.10,37.20,37.10,37.20,85,3 155
11.01.2021,36.90,36.90,36.90,36.90,311,11 476
08.01.2021,35.00,36.90,35.00,36.90,591,21 316
07.01.2021,34.00,34.80,33.00,34.30,445,15 028
05.01.2021,35.00,36.20,33.10,34.00,1 065,37 243
04.01.2021,33.10,35.00,33.10,35.00,441,15 196
30.12.2020,33.70,33.70,33.10,33.10,290,9 750
29.12.2020,33.85,33.85,33.65,33.65,370,12 453
28.12.2020,34.50,34.50,33.80,33.80,715,24 285
23.12.2020,35.10,35.10,28.50,34.80,1 548,50 221
22.12.2020,35.30,35.30,33.20,34.00,323,11 183
21.12.2020,34.80,35.25,34.30,35.25,435,15 153
18.12.2020,34.55,34.90,34.50,34.90,535,18 515
17.12.2020,34.60,34.60,34.60,34.60,122,4 221
16.12.2020,34.20,35.00,34.20,34.55,825,28 504
15.12.2020,34.00,34.15,34.00,34.15,448,15 277
14.12.2020,36.00,36.00,34.50,34.51,510,17 816
11.12.2020,35.95,35.95,35.50,35.95,677,24 061
10.12.2020,36.50,36.50,35.80,35.80,291,10 492
09.12.2020,36.80,37.20,36.50,36.50,85,3 123
08.12.2020,36.00,36.80,36.00,36.40,128,4 639
07.12.2020,35.60,36.00,35.40,36.00,1 767,62 712
04.12.2020,35.30,36.30,35.30,36.30,1 694,60 021
03.12.2020,34.20,35.39,34.20,35.30,177,6 102
02.12.2020,35.39,35.40,34.60,35.40,751,26 248
01.12.2020,35.40,35.40,34.90,35.40,310,10 832
30.11.2020,34.80,35.60,34.80,35.60,957,33 496
27.11.2020,35.80,35.80,34.70,35.60,1 430,50 060
25.11.2020,35.70,35.90,35.00,35.80,744,26 434
24.11.2020,35.30,35.70,34.40,35.70,1 058,37 100
23.11.2020,35.90,35.90,32.60,35.70,2 342,79 947
20.11.2020,36.90,37.00,35.00,37.00,840,30 206
19.11.2020,39.30,39.30,36.90,36.90,168,6 356
18.11.2020,38.90,39.40,38.90,39.00,44,1 727
17.11.2020,37.50,39.00,35.00,39.00,4 885,180 608
16.11.2020,40.00,42.00,39.50,40.00,2 409,98 547
13.11.2020,39.70,40.00,39.05,40.00,1 500,59 478
12.11.2020,38.30,39.90,38.00,39.55,1 309,50 934
10.11.2020,37.00,38.00,37.00,37.95,5 159,193 809
09.11.2020,36.00,37.00,35.80,37.00,1 573,57 658
06.11.2020,34.40,36.80,34.40,35.80,1 066,37 529
05.11.2020,36.90,36.90,33.25,34.40,864,30 235
04.11.2020,36.90,37.00,35.00,36.90,311,11 098
03.11.2020,34.00,37.80,34.00,36.90,945,32 880
02.11.2020,32.20,35.20,32.20,35.20,1 749,59 698
30.10.2020,35.40,35.40,31.00,32.00,642,20 675
29.10.2020,31.00,35.80,30.80,32.90,484,15 519
28.10.2020,31.20,33.00,28.20,29.00,1 199,36 957
27.10.2020,30.10,32.50,30.00,32.50,739,22 456
26.10.2020,30.10,31.00,30.10,31.00,727,21 961
23.10.2020,32.00,32.00,30.00,31.20,663,20 381
22.10.2020,32.50,32.50,32.00,32.00,450,14 455
21.10.2020,33.00,33.00,32.20,32.80,132,4 284
20.10.2020,33.00,33.00,32.50,33.00,246,8 100
19.10.2020,32.30,33.00,32.30,33.00,461,14 926
16.10.2020,32.32,33.80,30.00,32.80,1 271,40 396
15.10.2020,32.60,33.88,32.40,33.88,377,12 269
14.10.2020,33.98,33.98,32.60,33.98,502,16 510
13.10.2020,33.99,34.30,33.99,34.30,31,1 058
12.10.2020,34.00,34.00,34.00,34.00,2,68
09.10.2020,32.50,34.00,32.20,34.00,948,30 859
08.10.2020,33.80,34.00,33.00,34.00,383,12 759
07.10.2020,35.30,36.00,33.80,34.40,501,17 672
06.10.2020,34.60,35.20,34.40,35.20,61,2 115
05.10.2020,34.10,35.50,34.10,35.18,215,7 434
02.10.2020,34.00,34.10,33.30,34.10,171,5 759
01.10.2020,34.50,36.00,32.00,34.00,849,28 536
30.09.2020,34.20,34.98,33.00,34.80,427,14 510
29.09.2020,34.00,34.20,33.00,34.20,328,10 923
28.09.2020,35.30,35.30,28.80,34.00,2 220,69 457
25.09.2020,33.00,35.40,33.00,35.20,602,20 378
24.09.2020,34.50,35.50,34.10,35.50,121,4 188
23.09.2020,35.00,35.00,34.50,34.50,4,139
22.09.2020,35.40,35.40,34.50,35.00,63,2 191
21.09.2020,36.00,36.00,35.40,35.40,44,1 583
18.09.2020,36.00,36.00,35.60,36.00,42,1 502
17.09.2020,36.00,36.00,35.60,36.00,42,1 500
16.09.2020,34.40,36.00,34.40,36.00,231,8 230
15.09.2020,35.80,35.80,32.20,34.40,221,7 558
14.09.2020,35.20,35.80,35.20,35.80,9,320
11.09.2020,34.00,36.98,34.00,35.10,972,33 689
10.09.2020,34.30,34.50,32.20,34.40,312,10 455
09.09.2020,32.20,34.30,32.20,34.30,359,11 945
08.09.2020,37.60,37.60,30.09,34.90,1 621,52 603
07.09.2020,35.10,37.00,33.50,37.00,1 186,40 748
04.09.2020,35.90,35.90,35.00,35.10,631,22 295
03.09.2020,36.00,37.60,35.90,37.60,411,14 835
02.09.2020,36.50,36.50,35.10,36.00,285,10 050
01.09.2020,37.00,37.00,35.00,36.50,500,17 904
31.08.2020,37.00,37.00,35.50,36.00,666,24 132
28.08.2020,35.60,37.50,34.90,37.00,2 247,79 493
27.08.2020,36.10,36.50,35.00,36.50,587,21 103
26.08.2020,36.20,37.90,36.00,37.90,431,15 692
25.08.2020,38.00,38.00,38.00,38.00,58,2 204
24.08.2020,39.00,39.00,36.00,38.00,1 665,61 573
21.08.2020,38.00,39.50,36.55,38.50,834,31 762
20.08.2020,40.44,40.44,35.91,37.00,7 407,269 941
19.08.2020,41.00,41.50,40.10,40.50,1 423,57 959
18.08.2020,47.70,47.70,39.00,41.00,5 805,239 993
17.08.2020,34.00,48.95,33.90,45.90,13 827,574 534
14.08.2020,34.00,34.00,33.70,33.80,2 344,79 616
13.08.2020,31.50,34.50,31.50,34.00,3 120,102 540
12.08.2020,29.50,31.50,28.00,31.50,6 494,201 997
11.08.2020,30.50,30.50,30.00,30.00,89,2 682
10.08.2020,30.00,30.80,29.90,30.80,239,7 188
07.08.2020,29.50,30.80,29.50,30.80,256,7 575
06.08.2020,29.10,29.50,28.95,29.50,1 799,52 209
05.08.2020,31.00,31.40,28.00,29.25,308,8 964
03.08.2020,28.90,31.00,28.90,31.00,123,3 712
31.07.2020,27.80,29.00,27.70,28.90,270,7 557
30.07.2020,30.10,31.50,26.00,28.00,2 530,75 309
29.07.2020,30.90,30.90,26.00,30.50,558,16 252
28.07.2020,31.00,31.00,31.00,31.00,6,186
27.07.2020,30.50,31.20,30.50,31.20,16,492
24.07.2020,30.60,30.60,30.20,30.20,30,910
23.07.2020,30.70,31.00,30.70,30.70,136,4 191
22.07.2020,30.00,31.30,28.50,31.30,541,15 967
21.07.2020,30.00,31.50,30.00,30.00,749,22 535
20.07.2020,31.40,31.50,31.40,31.50,80,2 515
17.07.2020,27.00,31.50,27.00,31.50,636,17 950
16.07.2020,31.50,34.00,25.20,26.50,1 236,34 614
15.07.2020,33.00,33.00,31.50,31.50,135,4 395
14.07.2020,33.40,33.40,32.10,33.00,153,5 026
13.07.2020,32.40,32.50,32.40,32.50,105,3 405
10.07.2020,34.75,34.75,32.00,32.40,292,9 605
09.07.2020,34.50,34.75,32.90,34.70,162,5 491
08.07.2020,33.30,34.75,31.80,34.75,1 379,45 439
07.07.2020,31.00,33.00,29.60,30.40,669,21 018
06.07.2020,30.95,30.99,28.70,30.60,329,9 713
03.07.2020,30.20,30.95,29.50,30.95,569,16 971
02.07.2020,29.30,31.00,29.30,30.60,247,7 407
01.07.2020,29.70,29.70,27.00,29.50,310,8 778
30.06.2020,30.50,31.00,29.30,29.80,410,12 356
29.06.2020,29.80,29.80,27.30,29.80,1 344,38 926
26.06.2020,31.50,31.50,27.20,29.80,1 176,34 877
25.06.2020,28.40,34.00,27.50,31.50,3 357,101 035
24.06.2020,23.60,28.30,23.50,27.00,1 718,45 388
23.06.2020,25.15,25.50,22.61,24.00,1 183,28 850
22.06.2020,24.60,26.80,24.00,26.00,1 337,33 781
19.06.2020,24.60,24.60,24.00,24.60,294,7 159
18.06.2020,24.90,24.90,24.70,24.70,23,572
17.06.2020,24.89,24.90,24.89,24.90,40,996
16.06.2020,24.30,24.90,24.00,24.90,176,4 263
15.06.2020,24.80,24.80,23.02,24.40,194,4 591
12.06.2020,22.50,25.00,22.20,25.00,306,7 061
10.06.2020,25.00,25.00,24.85,24.87,100,2 489
09.06.2020,24.40,24.76,24.40,24.76,25,617
08.06.2020,24.65,24.65,24.65,24.65,5,123
05.06.2020,24.80,25.00,23.50,24.80,175,4 238
04.06.2020,23.80,25.00,23.80,25.00,276,6 721
03.06.2020,24.50,25.00,24.00,25.00,354,8 647
02.06.2020,24.80,25.00,24.40,24.40,510,12 579
01.06.2020,24.65,24.65,24.40,24.40,370,9 057
29.05.2020,24.90,24.90,24.90,24.90,55,1 370
28.05.2020,23.50,24.90,23.50,24.90,200,4 763
27.05.2020,24.20,24.20,23.80,23.80,50,1 204
26.05.2020,24.90,25.00,23.30,24.80,477,11 677
25.05.2020,22.30,25.00,22.00,25.00,992,22 127
22.05.2020,22.80,22.80,22.00,22.20,579,12 967
21.05.2020,23.60,23.60,22.80,22.80,121,2 784
20.05.2020,23.80,23.80,23.61,23.61,181,4 290
19.05.2020,24.70,24.70,23.90,23.90,716,17 303
18.05.2020,24.50,24.60,24.50,24.50,481,11 791
15.05.2020,25.00,25.00,24.30,24.50,135,3 347
14.05.2020,25.20,25.20,24.20,24.50,93,2 286
13.05.2020,25.00,25.60,25.00,25.60,100,2 516
12.05.2020,24.90,25.00,24.00,25.00,165,4 052
11.05.2020,25.15,25.15,25.00,25.00,10,251
08.05.2020,25.40,25.40,25.00,25.20,626,15 655
07.05.2020,25.30,25.40,24.25,25.40,73,1 819
06.05.2020,25.30,25.30,25.30,25.30,130,3 289
05.05.2020,24.70,25.40,24.70,25.40,59,1 475
04.05.2020,24.00,24.80,24.00,24.80,260,6 259
30.04.2020,24.70,24.70,24.70,24.70,27,667
29.04.2020,24.80,24.80,24.80,24.80,5,124
28.04.2020,25.80,25.80,24.20,25.00,242,6 070
27.04.2020,25.70,25.90,25.70,25.80,174,4 495
24.04.2020,25.90,26.00,24.30,25.80,536,13 675
23.04.2020,24.30,25.80,24.30,25.80,168,4 215
22.04.2020,24.00,24.30,24.00,24.30,6,144
21.04.2020,25.20,25.40,23.00,23.90,227,5 344
20.04.2020,24.00,25.90,24.00,25.00,730,17 957
17.04.2020,21.40,23.30,21.40,23.30,404,8 854
16.04.2020,21.20,22.00,20.60,22.00,275,5 739
15.04.2020,21.30,22.50,21.30,22.50,150,3 295
14.04.2020,21.20,21.50,21.00,21.50,132,2 797
09.04.2020,21.20,21.20,20.80,21.00,103,2 158
08.04.2020,21.20,21.50,21.00,21.30,83,1 750
07.04.2020,20.30,23.30,19.70,22.20,485,10 482
06.04.2020,19.50,21.80,18.00,20.80,455,8 969
03.04.2020,18.80,19.50,18.41,19.50,271,5 022
02.04.2020,19.20,19.40,18.60,19.40,108,2 021
01.04.2020,19.50,19.50,19.00,19.10,300,5 742
31.03.2020,19.45,19.98,19.40,19.40,55,1 086
30.03.2020,19.45,19.45,19.45,19.45,115,2 237
27.03.2020,19.45,19.45,19.45,19.45,97,1 887
26.03.2020,20.30,21.60,19.60,19.60,761,15 176
25.03.2020,20.00,20.00,19.89,19.89,485,9 689
24.03.2020,19.81,21.60,19.81,20.00,1 181,24 327
23.03.2020,19.89,20.00,19.81,19.81,401,7 975
20.03.2020,19.90,20.74,19.90,20.01,790,15 937
19.03.2020,20.00,20.74,19.91,20.74,573,11 654
18.03.2020,20.60,20.60,19.45,19.80,987,19 556
17.03.2020,19.70,21.00,19.70,20.74,1 118,22 763
16.03.2020,21.30,21.30,19.00,21.00,868,17 568
13.03.2020,21.60,24.00,20.60,21.50,1 019,22 575
12.03.2020,21.30,21.30,18.50,21.20,3 795,73 880
11.03.2020,22.20,22.20,20.11,22.00,1 322,27 302
10.03.2020,22.60,25.00,22.00,23.00,1 471,33 635
09.03.2020,22.00,22.20,20.60,22.00,1 854,40 377
06.03.2020,25.00,25.60,25.00,25.60,99,2 519
05.03.2020,24.90,26.49,24.50,24.70,1 296,32 763
04.03.2020,25.50,25.50,24.79,24.90,1 372,34 637
03.03.2020,25.70,27.00,25.70,27.00,1 789,47 083
02.03.2020,21.70,25.70,20.99,25.70,2 028,44 965
28.02.2020,27.50,27.50,20.10,22.20,5 559,134 463
27.02.2020,29.49,29.90,27.50,27.50,218,6 251
26.02.2020,29.50,29.90,26.00,29.90,1 359,37 793
25.02.2020,30.00,31.40,24.15,30.00,2 624,75 867
24.02.2020,31.50,31.50,29.50,29.60,1 895,56 771
21.02.2020,32.40,32.40,30.10,31.50,2 904,91 080
20.02.2020,33.00,33.00,32.60,33.00,409,13 494
19.02.2020,34.55,34.68,32.00,33.00,3 939,132 735
18.02.2020,31.86,34.55,31.50,34.55,8 172,268 678
17.02.2020,29.49,32.50,29.10,31.85,10 061,308 919
14.02.2020,28.59,29.06,28.59,29.06,1 592,45 865
13.02.2020,28.30,28.59,28.30,28.59,843,23 964
12.02.2020,28.00,28.30,27.20,28.30,2 262,63 797
11.02.2020,27.59,28.00,27.59,28.00,3 023,84 381
10.02.2020,27.19,27.62,27.19,27.59,1 438,39 458
07.02.2020,27.00,27.19,27.00,27.19,917,24 816
06.02.2020,26.00,26.99,26.00,26.94,2 300,61 113
05.02.2020,24.26,25.99,24.26,25.99,2 624,65 714
04.02.2020,23.50,24.25,23.50,24.24,533,12 914
03.02.2020,22.99,23.50,22.99,23.50,120,2 763
31.01.2020,22.98,22.99,22.98,22.99,200,4 598
30.01.2020,24.24,24.24,22.99,22.99,737,17 005
29.01.2020,24.25,24.25,24.25,24.25,5,121
28.01.2020,24.50,24.50,23.20,24.25,1 390,33 617
27.01.2020,25.25,25.25,23.50,24.30,3 139,77 487
24.01.2020,29.87,29.87,25.39,25.39,1 650,43 637
23.01.2020,25.18,30.00,25.17,30.00,1 376,35 222
22.01.2020,24.69,25.24,24.69,25.18,1 581,39 676
21.01.2020,24.69,24.69,24.69,24.69,13,321
20.01.2020,24.49,24.80,24.49,24.80,655,16 060
17.01.2020,24.49,24.49,22.90,24.49,331,7 945
16.01.2020,24.49,24.49,24.20,24.49,223,5 461
15.01.2020,24.49,24.49,24.49,24.49,79,1 935
14.01.2020,24.80,24.80,23.80,24.50,159,3 812
13.01.2020,24.98,24.98,24.80,24.80,101,2 507
10.01.2020,24.95,24.95,24.95,24.95,60,1 497
09.01.2020,24.95,24.95,24.95,24.95,1,25
08.01.2020,24.99,24.99,24.99,24.99,2,50
07.01.2020,24.99,24.99,24.99,24.99,1,25
03.01.2020,24.99,24.99,24.99,24.99,1,25
02.01.2020,24.99,24.99,24.99,24.99,1,25
30.12.2019,24.99,24.99,24.99,24.99,220,5 498
27.12.2019,25.49,25.49,24.99,24.99,311,7 861
23.12.2019,24.75,25.00,24.75,25.00,193,4 821
20.12.2019,24.50,24.50,24.50,24.50,5,123
19.12.2019,25.00,25.00,24.20,24.20,240,5 950
18.12.2019,24.99,25.00,24.90,25.00,190,4 742
17.12.2019,24.90,25.00,24.90,25.00,565,14 090
16.12.2019,24.48,24.48,24.20,24.20,14,342
13.12.2019,24.20,24.49,23.80,23.81,117,2 819
12.12.2019,23.80,24.20,23.80,24.20,71,1 693
11.12.2019,24.49,24.49,23.80,23.80,88,2 112
10.12.2019,24.90,24.90,24.90,24.90,1,25
09.12.2019,25.00,25.00,24.20,25.00,37,909
06.12.2019,22.00,26.00,22.00,26.00,954,21 379
05.12.2019,22.00,22.00,22.00,22.00,21,462
04.12.2019,21.60,22.00,21.60,22.00,210,4 619
03.12.2019,21.30,21.30,21.30,21.30,292,6 220
02.12.2019,21.30,21.30,21.30,21.30,2,43
29.11.2019,21.30,21.30,21.30,21.30,1,21
28.11.2019,21.10,21.30,21.10,21.30,70,1 491
27.11.2019,21.70,21.70,21.30,21.30,49,1 045
26.11.2019,21.30,21.90,21.30,21.90,15,325
25.11.2019,21.00,21.00,21.00,21.00,263,5 523
22.11.2019,21.98,21.98,20.98,21.00,275,5 815
21.11.2019,22.00,22.00,22.00,22.00,1,22
20.11.2019,22.00,22.00,22.00,22.00,52,1 144
19.11.2019,22.00,22.00,22.00,22.00,2,44
18.11.2019,22.00,22.00,22.00,22.00,2,44
15.11.2019,22.00,22.00,21.90,21.90,270,5 932
14.11.2019,22.00,22.00,22.00,22.00,424,9 328
13.11.2019,22.00,22.00,22.00,22.00,413,9 086
12.11.2019,20.70,22.00,20.70,22.00,1 198,25 086
08.11.2019,20.50,20.70,20.50,20.70,393,8 073
07.11.2019,20.50,20.50,20.50,20.50,232,4 757
06.11.2019,20.50,20.50,20.50,20.50,92,1 886
05.11.2019,20.00,20.40,20.00,20.40,62,1 243
04.11.2019,20.11,20.11,20.11,20.11,38,764
31.10.2019,20.11,20.11,20.11,20.11,1,20
30.10.2019,20.11,20.11,20.11,20.11,2,40
29.10.2019,20.11,20.11,20.11,20.11,3,60
28.10.2019,20.11,20.11,20.11,20.11,104,2 091
25.10.2019,20.31,20.31,20.10,20.10,29,588
24.10.2019,20.50,20.50,20.50,20.50,42,861
23.10.2019,20.50,20.50,20.50,20.50,1,21
22.10.2019,20.00,20.50,20.00,20.50,63,1 286
18.10.2019,20.00,20.00,20.00,20.00,52,1 040
17.10.2019,20.00,20.00,20.00,20.00,264,5 280
16.10.2019,20.00,20.00,20.00,20.00,1,20
15.10.2019,20.00,20.00,20.00,20.00,61,1 220
14.10.2019,18.60,20.00,18.60,20.00,85,1 649
11.10.2019,18.30,18.60,18.30,18.60,36,669
10.10.2019,19.00,19.00,18.20,18.20,254,4 806
09.10.2019,19.00,19.00,19.00,19.00,28,532
08.10.2019,19.00,19.00,19.00,19.00,82,1 558
04.10.2019,20.00,20.00,19.00,19.00,386,7 680
03.10.2019,19.70,20.00,19.70,20.00,10,199
02.10.2019,19.70,19.70,19.70,19.70,15,296
01.10.2019,19.70,19.70,19.70,19.70,110,2 167
30.09.2019,20.60,20.60,20.59,20.59,12,247
27.09.2019,20.36,20.36,20.11,20.11,18,363
25.09.2019,20.59,20.59,20.59,20.59,132,2 718
24.09.2019,20.59,20.59,20.59,20.59,61,1 256
23.09.2019,20.59,20.59,20.59,20.59,29,597
20.09.2019,20.59,20.59,20.59,20.59,2,41
19.09.2019,20.60,20.60,20.60,20.60,25,515
18.09.2019,20.99,20.99,20.60,20.60,12,248
17.09.2019,21.00,21.00,21.00,21.00,10,210
16.09.2019,21.40,21.40,21.00,21.00,678,14 299
13.09.2019,21.60,21.60,21.60,21.60,10,216
